<?xml version="1.0" encoding="UTF-8"?>
<project-private xmlns="http://www.netbeans.org/ns/project-private/1">
    <editor-bookmarks xmlns="http://www.netbeans.org/ns/editor-bookmarks/2" lastBookmarkId="0"/>
    <open-files xmlns="http://www.netbeans.org/ns/projectui-open-files/2">
        <group>
            <file>file:/C:/Users/Manasa%20V/OneDrive/Documents/NetBeansProjects/Ehealthcare_Managment/src/Main.java</file>
            <file>file:/C:/Users/Manasa%20V/OneDrive/Documents/NetBeansProjects/Ehealthcare_Managment/src/Patient.java</file>
            <file>file:/C:/Users/Manasa%20V/OneDrive/Documents/NetBeansProjects/Ehealthcare_Managment/src/Item.java</file>
            <file>file:/C:/Users/Manasa%20V/OneDrive/Documents/NetBeansProjects/Ehealthcare_Managment/src/Doctor.java</file>
            <file>file:/C:/Users/Manasa%20V/OneDrive/Documents/NetBeansProjects/Ehealthcare_Managment/src/User.java</file>
            <file>file:/C:/Users/Manasa%20V/OneDrive/Documents/NetBeansProjects/Ehealthcare_Managment/src/Login.java</file>
        </group>
    </open-files>
</project-private>
